{
  "files_count": 11,
  "rows": 7609,
  "missing_trend_similarity": 0,
  "zeros": 7590,
  "positive": 19,
  "percent_positive": 0.24970429754238405,
  "description": {
    "count": 7609.0,
    "mean": 0.15914851346576936,
    "std": 3.3829070797036453,
    "min": 0.0,
    "25%": 0.0,
    "50%": 0.0,
    "75%": 0.0,
    "90%": 0.0,
    "95%": 0.0,
    "99%": 0.0,
    "max": 83.33333333333334
  },
  "buckets": {
    "0": 7590,
    "(0-20]": 2,
    "(20-40]": 0,
    "(40-60]": 3,
    "(60-80]": 12,
    "(80-100]": 2
  }
}